Name,Price,Description,Images_url
"(L) Abstract blockprint Optical Art petals with 3D effect, steel blue on beige",$129.00,"Subtle linen textured, DIY-friendly self-adhesive, removable and cleanable wallcovering for smooth, flat, non-textured surfaces","['https://garden.spoonflower.com/c/16053980/i/xs/zudj3lxiuiUylKz8wOgG7TQ7KxJdYAVPYEu6P1DMI8QcZlzKuWBNGg/16053980-l-abstract-blockprint-optical-art-petals-3d-effect-steel-blue-on-beige-by-pezzzldesign.jpg', 'https://garden.spoonflower.com/c/16053980/i/xs/zudj3lxiuiUylKz8wOgG7TQ7KxJdYAVPYEuiMGPXFMsabBTQoj9DBma0/16053980-l-abstract-blockprint-optical-art-petals-3d-effect-steel-blue-on-beige-by-pezzzldesign.jpg', 'https://garden.spoonflower.com/c/16053980/i/xs/zudj3lxiuiUylKz8wOgG7TQ7KxJdYAVPYEulNGrXKsMMcA7N5zohBnP3Y_pXIg/16053980-l-abstract-blockprint-optical-art-petals-3d-effect-steel-blue-on-beige-by-pezzzldesign.jpg', 'https://garden.spoonflower.com/c/16053980/i/xs/zudj3lxiuiUylKz8wOgG7TQ7KxJdYAVPYEu3NGvJJMIFJRSZtWJT/16053980-l-abstract-blockprint-optical-art-petals-3d-effect-steel-blue-on-beige-by-pezzzldesign.jpg', 'https://garden.spoonflower.com/c/16053980/i/xs/zudj3lxiuiUylKz8wOgG7TQ7KxJdYAVPYEulIlDNItc3MVzKuWBNGg/16053980-l-abstract-blockprint-optical-art-petals-3d-effect-steel-blue-on-beige-by-pezzzldesign.jpg']"
Summerly fun beach doodles on wavy teal background (L),$129.00,"Subtle linen textured, DIY-friendly self-adhesive, removable and cleanable wallcovering for smooth, flat, non-textured surfaces","['https://garden.spoonflower.com/c/16716749/i/xs/dhtNy86dYQWSm9Bu3zT5WVZZS3_Etn-qDFpjTDXb_L-kXoPcwlZ0dg/16716749-summerly-fun-beach-doodles-on-wavy-teal-background-l-by-pezzzldesign.jpg', 'https://garden.spoonflower.com/c/16716749/i/xs/dhtNy86dYQWSm9Bu3zT5WVZZS3_Etn-qDFp7QwbAy7CiVMvG2Qk_JvCa/16716749-summerly-fun-beach-doodles-on-wavy-teal-background-l-by-pezzzldesign.jpg', 'https://garden.spoonflower.com/c/16716749/i/xs/dhtNy86dYQWSm9Bu3zT5WVZZS3_Etn-qDFp8Rw_A9bi0SNHbnAxdJqCVdn9JrA/16716749-summerly-fun-beach-doodles-on-wavy-teal-background-l-by-pezzzldesign.jpg', 'https://garden.spoonflower.com/c/16716749/i/xs/dhtNy86dYQWSm9Bu3zT5WVZZS3_Etn-qDFpuRw7e-7m9HcuPzhFj/16716749-summerly-fun-beach-doodles-on-wavy-teal-background-l-by-pezzzldesign.jpg', 'https://garden.spoonflower.com/c/16716749/i/xs/dhtNy86dYQWSm9Bu3zT5WVZZS3_Etn-qDFp8UTXa_ayPCYPcwlZ0dg/16716749-summerly-fun-beach-doodles-on-wavy-teal-background-l-by-pezzzldesign.jpg']"
"Minimalist handdrawn diamond shaped seeds on inky dotted lines, golden brown on light taupe",$129.00,"Subtle linen textured, DIY-friendly self-adhesive, removable and cleanable wallcovering for smooth, flat, non-textured surfaces","['https://garden.spoonflower.com/c/16548880/i/xs/w2uD6Zk5_354Tko2q_rGoD3W8BV2E5cepVs77bfNyeRofVWr_PppTA/16548880-minimalist-handdrawn-diamond-shaped-seeds-on-inky-dotted-lines-golden-brown-on-light-taupe-by-pezzzldesign.jpg', 'https://garden.spoonflower.com/c/16548880/i/xs/w2uD6Zk5_354Tko2q_rGoD3W8BV2E5cepVsj4oTW_utudx2x56U7GTNk/16548880-minimalist-handdrawn-diamond-shaped-seeds-on-inky-dotted-lines-golden-brown-on-light-taupe-by-pezzzldesign.jpg', 'https://garden.spoonflower.com/c/16548880/i/xs/w2uD6Zk5_354Tko2q_rGoD3W8BV2E5cepVsk5o3WwON4awesoqBZGXpuQh6UBA/16548880-minimalist-handdrawn-diamond-shaped-seeds-on-inky-dotted-lines-golden-brown-on-light-taupe-by-pezzzldesign.jpg', 'https://garden.spoonflower.com/c/16548880/i/xs/w2uD6Zk5_354Tko2q_rGoD3W8BV2E5cepVs25ozIzuJxPh348KRi/16548880-minimalist-handdrawn-diamond-shaped-seeds-on-inky-dotted-lines-golden-brown-on-light-taupe-by-pezzzldesign.jpg', 'https://garden.spoonflower.com/c/16548880/i/xs/w2uD6Zk5_354Tko2q_rGoD3W8BV2E5cepVsk8LfMyPdDKlWr_PppTA/16548880-minimalist-handdrawn-diamond-shaped-seeds-on-inky-dotted-lines-golden-brown-on-light-taupe-by-pezzzldesign.jpg']"
"Sculptural abstract waves with visual depth, inspired by structures of wood, stone, leaves or clay, deep taupe brown",$129.00,"Subtle linen textured, DIY-friendly self-adhesive, removable and cleanable wallcovering for smooth, flat, non-textured surfaces","['https://garden.spoonflower.com/c/16781421/i/xs/G83TnLQuwwSVbZYWS7-Sg4UgnBWqODQuoI4B0ZINmey76T5ZHtCITg/16781421-sculptural-abstract-waves-visual-depth-inspired-by-structures-wood-stone-leaves-clay-deep-taupe-brown-by-pezzzldesign.jpg', 'https://garden.spoonflower.com/c/16781421/i/xs/G83TnLQuwwSVbZYWS7-Sg4UgnBWqODQuoI4Z3qEWruO943ZDBY_AC63t/16781421-sculptural-abstract-waves-visual-depth-inspired-by-structures-wood-stone-leaves-clay-deep-taupe-brown-by-pezzzldesign.jpg', 'https://garden.spoonflower.com/c/16781421/i/xs/G83TnLQuwwSVbZYWS7-Sg4UgnBWqODQuoI4e2qgWkOur_2xeQIqiC_73JChocw/16781421-sculptural-abstract-waves-visual-depth-inspired-by-structures-wood-stone-leaves-clay-deep-taupe-brown-by-pezzzldesign.jpg', 'https://garden.spoonflower.com/c/16781421/i/xs/G83TnLQuwwSVbZYWS7-Sg4UgnBWqODQuoI4M2qkInuqiqnYKEpSJ/16781421-sculptural-abstract-waves-visual-depth-inspired-by-structures-wood-stone-leaves-clay-deep-taupe-brown-by-pezzzldesign.jpg', 'https://garden.spoonflower.com/c/16781421/i/xs/G83TnLQuwwSVbZYWS7-Sg4UgnBWqODQuoI4ezJIMmP-Qvj5ZHtCITg/16781421-sculptural-abstract-waves-visual-depth-inspired-by-structures-wood-stone-leaves-clay-deep-taupe-brown-by-pezzzldesign.jpg']"
"Berry Bliss, handdrawn illustrated forest motif with wild strawberries & blueberries, aqua blue green",$129.00,"Subtle linen textured, DIY-friendly self-adhesive, removable and cleanable wallcovering for smooth, flat, non-textured surfaces","['https://garden.spoonflower.com/c/16425317/i/xs/3mm3DMzLX-ClRx40W_1YZMyu5oni0AG_mHUvQyVPlwwMQTV3lbnIMQ/16425317-berry-bliss-handdrawn-illustrated-forest-motif-wild-strawberries-blueberries-aqua-blue-green-by-pezzzldesign.jpg', 'https://garden.spoonflower.com/c/16425317/i/xs/3mm3DMzLX-ClRx40W_1YZMyu5oni0AG_mHU3TBZUoAMKS31tjuaGLUMf/16425317-berry-bliss-handdrawn-illustrated-forest-motif-wild-strawberries-blueberries-aqua-blue-green-by-pezzzldesign.jpg', 'https://garden.spoonflower.com/c/16425317/i/xs/3mm3DMzLX-ClRx40W_1YZMyu5oni0AG_mHUwSB9UngscV2dwy-PkLRZchQOIOg/16425317-berry-bliss-handdrawn-illustrated-forest-motif-wild-strawberries-blueberries-aqua-blue-green-by-pezzzldesign.jpg', 'https://garden.spoonflower.com/c/16425317/i/xs/3mm3DMzLX-ClRx40W_1YZMyu5oni0AG_mHUiSB5KkAoVAn0kmfuW/16425317-berry-bliss-handdrawn-illustrated-forest-motif-wild-strawberries-blueberries-aqua-blue-green-by-pezzzldesign.jpg', 'https://garden.spoonflower.com/c/16425317/i/xs/3mm3DMzLX-ClRx40W_1YZMyu5oni0AG_mHUwXiVOlh8nFjV3lbnIMQ/16425317-berry-bliss-handdrawn-illustrated-forest-motif-wild-strawberries-blueberries-aqua-blue-green-by-pezzzldesign.jpg']"
"Quill Whispers, calming moiree feathers lineart, white on light grey, large",$129.00,"Subtle linen textured, DIY-friendly self-adhesive, removable and cleanable wallcovering for smooth, flat, non-textured surfaces","['https://garden.spoonflower.com/c/16027009/i/xs/CF6XNYKXQgAaAMqbbjVqyzMpdnZJVSRA0qUm3I4RPxsuw-Jve81w9w/16027009-quill-whispers-calming-moiree-feathers-lineart-white-on-light-grey-large-by-pezzzldesign.jpg', 'https://garden.spoonflower.com/c/16027009/i/xs/CF6XNYKXQgAaAMqbbjVqyzMpdnZJVSRA0qU-070KCBQoyap1YJIoqIjB/16027009-quill-whispers-calming-moiree-feathers-lineart-white-on-light-grey-large-by-pezzzldesign.jpg', 'https://garden.spoonflower.com/c/16027009/i/xs/CF6XNYKXQgAaAMqbbjVqyzMpdnZJVSRA0qU517QKNhw-1bBoJZdKqMvBOdnBEw/16027009-quill-whispers-calming-moiree-feathers-lineart-white-on-light-grey-large-by-pezzzldesign.jpg', 'https://garden.spoonflower.com/c/16027009/i/xs/CF6XNYKXQgAaAMqbbjVqyzMpdnZJVSRA0qUr17UUOB03gKo8d5l7/16027009-quill-whispers-calming-moiree-feathers-lineart-white-on-light-grey-large-by-pezzzldesign.jpg', 'https://garden.spoonflower.com/c/16027009/i/xs/CF6XNYKXQgAaAMqbbjVqyzMpdnZJVSRA0qU5wY4QPggFlOJve81w9w/16027009-quill-whispers-calming-moiree-feathers-lineart-white-on-light-grey-large-by-pezzzldesign.jpg']"
"(L) Festive garden party paper lanterns under the stars, coral-beige and blush pink on navy blue",$129.00,"Subtle linen textured, DIY-friendly self-adhesive, removable and cleanable wallcovering for smooth, flat, non-textured surfaces","['https://garden.spoonflower.com/c/16953864/i/xs/VRbwjgI8TtnlvPod-EYBvkLS6VIL4bkjyItZ2P1SEUnkeh_0flOAig/16953864-l-festive-garden-party-paper-lanterns-under-stars-coral-beige-blush-pink-on-navy-blue-by-pezzzldesign.jpg', 'https://garden.spoonflower.com/c/16953864/i/xs/VRbwjgI8TtnlvPod-EYBvkLS6VIL4bkjyItB185JJkbicFfuZQyQyJFM/16953864-l-festive-garden-party-paper-lanterns-under-stars-coral-beige-blush-pink-on-navy-blue-by-pezzzldesign.jpg', 'https://garden.spoonflower.com/c/16953864/i/xs/VRbwjgI8TtnlvPod-EYBvkLS6VIL4bkjyItG08dJGE70bE3zIAnyyJpRnsNV1A/16953864-l-festive-garden-party-paper-lanterns-under-stars-coral-beige-blush-pink-on-navy-blue-by-pezzzldesign.jpg', 'https://garden.spoonflower.com/c/16953864/i/xs/VRbwjgI8TtnlvPod-EYBvkLS6VIL4bkjyItU08ZXFk_9OVenck_e/16953864-l-festive-garden-party-paper-lanterns-under-stars-coral-beige-blush-pink-on-navy-blue-by-pezzzldesign.jpg', 'https://garden.spoonflower.com/c/16953864/i/xs/VRbwjgI8TtnlvPod-EYBvkLS6VIL4bkjyItGxf1TEFrPLR_0flOAig/16953864-l-festive-garden-party-paper-lanterns-under-stars-coral-beige-blush-pink-on-navy-blue-by-pezzzldesign.jpg']"
"Goth Raven heart damask, deep purple",$129.00,"Subtle linen textured, DIY-friendly self-adhesive, removable and cleanable wallcovering for smooth, flat, non-textured surfaces","['https://garden.spoonflower.com/c/15630882/i/xs/xG_4d0o94Uy0Li8Hu395F3Jlt4qDkJz_S7pf4WX5oYxbnONPwMtTyw/15630882-goth-raven-heart-damask-deep-purple-by-pezzzldesign.jpg', 'https://garden.spoonflower.com/c/15630882/i/xs/xG_4d0o94Uy0Li8Hu395F3Jlt4qDkJz_S7pH7lbiloNdlqtV25QK19OO/15630882-goth-raven-heart-damask-deep-purple-by-pezzzldesign.jpg', 'https://garden.spoonflower.com/c/15630882/i/xs/xG_4d0o94Uy0Li8Hu395F3Jlt4qDkJz_S7pA6l_iqItLirFInpFo15HNpNpFig/15630882-goth-raven-heart-damask-deep-purple-by-pezzzldesign.jpg', 'https://garden.spoonflower.com/c/15630882/i/xs/xG_4d0o94Uy0Li8Hu395F3Jlt4qDkJz_S7pS6l78popC36sczJ4a/15630882-goth-raven-heart-damask-deep-purple-by-pezzzldesign.jpg', 'https://garden.spoonflower.com/c/15630882/i/xs/xG_4d0o94Uy0Li8Hu395F3Jlt4qDkJz_S7pA_GX4oJ9wy-NPwMtTyw/15630882-goth-raven-heart-damask-deep-purple-by-pezzzldesign.jpg']"
"(L) Abstract blockprint Optical Art petals with 3D effect, neutral concrete sand on creme",$129.00,"Subtle linen textured, DIY-friendly self-adhesive, removable and cleanable wallcovering for smooth, flat, non-textured surfaces","['https://garden.spoonflower.com/c/16283390/i/xs/-MSsvsx9jDuDCCAOixJZy0IpfwiPPfZZrn5TfonIJe_q6RWUKc_kag/16283390-l-abstract-blockprint-optical-art-petals-3d-effect-neutral-concrete-sand-on-creme-by-pezzzldesign.jpg', 'https://garden.spoonflower.com/c/16283390/i/xs/-MSsvsx9jDuDCCAOixJZy0IpfwiPPfZZrn5LcbrTEuDs412OMpC8PeGm/16283390-l-abstract-blockprint-optical-art-petals-3d-effect-neutral-concrete-sand-on-creme-by-pezzzldesign.jpg', 'https://garden.spoonflower.com/c/16283390/i/xs/-MSsvsx9jDuDCCAOixJZy0IpfwiPPfZZrn5MdbPTLOj6_0eTd5XePaKuCe4fGw/16283390-l-abstract-blockprint-optical-art-petals-3d-effect-neutral-concrete-sand-on-creme-by-pezzzldesign.jpg', 'https://garden.spoonflower.com/c/16283390/i/xs/-MSsvsx9jDuDCCAOixJZy0IpfwiPPfZZrn5edbLNIunzql3HJZvn/16283390-l-abstract-blockprint-optical-art-petals-3d-effect-neutral-concrete-sand-on-creme-by-pezzzldesign.jpg', 'https://garden.spoonflower.com/c/16283390/i/xs/-MSsvsx9jDuDCCAOixJZy0IpfwiPPfZZrn5MY4nJJPzBvhWUKc_kag/16283390-l-abstract-blockprint-optical-art-petals-3d-effect-neutral-concrete-sand-on-creme-by-pezzzldesign.jpg']"
Art Deco Peacock teal large,$129.00,"Subtle linen textured, DIY-friendly self-adhesive, removable and cleanable wallcovering for smooth, flat, non-textured surfaces","['https://garden.spoonflower.com/c/13914999/i/xs/BZRy4573J0el2EmEEHZ3CyH1BSkwmMdhqg8Kk1EIK3FTAstE9TdBpQ/13914999-art-deco-peacock-teal-large-by-pezzzldesign.jpg', 'https://garden.spoonflower.com/c/13914999/i/xs/BZRy4573J0el2EmEEHZ3CyH1BSkwmMdhqg8SnGITHH5VCINe7mgQ9XRI/13914999-art-deco-peacock-teal-large-by-pezzzldesign.jpg', 'https://garden.spoonflower.com/c/13914999/i/xs/BZRy4573J0el2EmEEHZ3CyH1BSkwmMdhqg8VmGsTInZDFJlDq21y9T5H5nq07Q/13914999-art-deco-peacock-teal-large-by-pezzzldesign.jpg', 'https://garden.spoonflower.com/c/13914999/i/xs/BZRy4573J0el2EmEEHZ3CyH1BSkwmMdhqg8HmGoNLHdKQYMX-WpM/13914999-art-deco-peacock-teal-large-by-pezzzldesign.jpg', 'https://garden.spoonflower.com/c/13914999/i/xs/BZRy4573J0el2EmEEHZ3CyH1BSkwmMdhqg8VjlEJKmJ4VctE9TdBpQ/13914999-art-deco-peacock-teal-large-by-pezzzldesign.jpg']"
"Biedermeier style coastal stripes with crustacean, slate green, muted olive, pale almond",$129.00,"Subtle linen textured, DIY-friendly self-adhesive, removable and cleanable wallcovering for smooth, flat, non-textured surfaces","['https://garden.spoonflower.com/c/17012466/i/xs/eFvW4xBdb7LsSeKmsnmgZ5Nc3dRzloWX8vsIz9MxvIqYkGEXLzUBgw/17012466-biedermeier-style-coastal-stripes-crustacean-slate-green-muted-olive-pale-almond-by-pezzzldesign.jpg', 'https://garden.spoonflower.com/c/17012466/i/xs/eFvW4xBdb7LsSeKmsnmgZ5Nc3dRzloWX8vsQwOAqi4WemikNNGpQwQD_/17012466-biedermeier-style-coastal-stripes-crustacean-slate-green-muted-olive-pale-almond-by-pezzzldesign.jpg', 'https://garden.spoonflower.com/c/17012466/i/xs/eFvW4xBdb7LsSeKmsnmgZ5Nc3dRzloWX8vsXxOkqtY2IhjMQcW8ywUriQ5EyNA/17012466-biedermeier-style-coastal-stripes-crustacean-slate-green-muted-olive-pale-almond-by-pezzzldesign.jpg', 'https://garden.spoonflower.com/c/17012466/i/xs/eFvW4xBdb7LsSeKmsnmgZ5Nc3dRzloWX8vsFxOg0u4yB0ylEI2ge/17012466-biedermeier-style-coastal-stripes-crustacean-slate-green-muted-olive-pale-almond-by-pezzzldesign.jpg', 'https://garden.spoonflower.com/c/17012466/i/xs/eFvW4xBdb7LsSeKmsnmgZ5Nc3dRzloWX8vsX0tMwvZmzx2EXLzUBgw/17012466-biedermeier-style-coastal-stripes-crustacean-slate-green-muted-olive-pale-almond-by-pezzzldesign.jpg']"
"(S) Delicate Art Deco Glamour Ornaments, black and white",$129.00,"Subtle linen textured, DIY-friendly self-adhesive, removable and cleanable wallcovering for smooth, flat, non-textured surfaces","['https://garden.spoonflower.com/c/17096679/i/xs/3CfXjR-XjwBtRehr1A55aBwaW4FKp-maE5vPPs2SAa50JtBHwCzXhA/17096679-s-delicate-art-deco-glamour-ornaments-black-white-by-pezzzldesign.jpg', 'https://garden.spoonflower.com/c/17096679/i/xs/3CfXjR-XjwBtRehr1A55aBwaW4FKp-maE5vXMf6JNqFyLJhd23OL21jU/17096679-s-delicate-art-deco-glamour-ornaments-black-white-by-pezzzldesign.jpg', 'https://garden.spoonflower.com/c/17096679/i/xs/3CfXjR-XjwBtRehr1A55aBwaW4FKp-maE5vQNfeJCKlkMIJAnnbp2x_UTNuK5A/17096679-s-delicate-art-deco-glamour-ornaments-black-white-by-pezzzldesign.jpg', 'https://garden.spoonflower.com/c/17096679/i/xs/3CfXjR-XjwBtRehr1A55aBwaW4FKp-maE5vCNfaXBqhtZZgUzHzY/17096679-s-delicate-art-deco-glamour-ornaments-black-white-by-pezzzldesign.jpg', 'https://garden.spoonflower.com/c/17096679/i/xs/3CfXjR-XjwBtRehr1A55aBwaW4FKp-maE5vQI82TAL1fcdBHwCzXhA/17096679-s-delicate-art-deco-glamour-ornaments-black-white-by-pezzzldesign.jpg']"
"Minimalist christmas berries, soft blue on creme, small",$129.00,"Subtle linen textured, DIY-friendly self-adhesive, removable and cleanable wallcovering for smooth, flat, non-textured surfaces","['https://garden.spoonflower.com/c/15329036/i/xs/hiyqHs2d23bBv3m_nDBXW9MVCsUR1am1s7scoaA3pjd8i6c8m1wATg/15329036-minimalist-christmas-berries-soft-blue-on-creme-small-by-pezzzldesign.jpg', 'https://garden.spoonflower.com/c/15329036/i/xs/hiyqHs2d23bBv3m_nDBXW9MVCsUR1am1s7sErpMskTh6ge8mgAMQC5lE/15329036-minimalist-christmas-berries-soft-blue-on-creme-small-by-pezzzldesign.jpg', 'https://garden.spoonflower.com/c/15329036/i/xs/hiyqHs2d23bBv3m_nDBXW9MVCsUR1am1s7sDqposrzBsnfU7xQZyC5JeRUosVw/15329036-minimalist-christmas-berries-soft-blue-on-creme-small-by-pezzzldesign.jpg', 'https://garden.spoonflower.com/c/15329036/i/xs/hiyqHs2d23bBv3m_nDBXW9MVCsUR1am1s7sRqpsyoTFlyO9vl0BZ/15329036-minimalist-christmas-berries-soft-blue-on-creme-small-by-pezzzldesign.jpg', 'https://garden.spoonflower.com/c/15329036/i/xs/hiyqHs2d23bBv3m_nDBXW9MVCsUR1am1s7sDvKA2pyRX3Kc8m1wATg/15329036-minimalist-christmas-berries-soft-blue-on-creme-small-by-pezzzldesign.jpg']"
"Cute colorful birds, large",$129.00,"Subtle linen textured, DIY-friendly self-adhesive, removable and cleanable wallcovering for smooth, flat, non-textured surfaces","['https://garden.spoonflower.com/c/15416866/i/xs/aVe9o1-ZkNEYJ6kQhNhlYpPoa_-sARx1OaoOCrcd4WSN5kXYlXhB2A/15416866-cute-colorful-birds-large-by-pezzzldesign.jpg', 'https://garden.spoonflower.com/c/15416866/i/xs/aVe9o1-ZkNEYJ6kQhNhlYpPoa_-sARx1OaoWBYQG1muL7A3CjidRmrwQ/15416866-cute-colorful-birds-large-by-pezzzldesign.jpg', 'https://garden.spoonflower.com/c/15416866/i/xs/aVe9o1-ZkNEYJ6kQhNhlYpPoa_-sARx1OaoRAY0G6GOd8BffyyIzmrcNh67drA/15416866-cute-colorful-birds-large-by-pezzzldesign.jpg', 'https://garden.spoonflower.com/c/15416866/i/xs/aVe9o1-ZkNEYJ6kQhNhlYpPoa_-sARx1OaoDAYwY5mKUpQ2LmWQf/15416866-cute-colorful-birds-large-by-pezzzldesign.jpg', 'https://garden.spoonflower.com/c/15416866/i/xs/aVe9o1-ZkNEYJ6kQhNhlYpPoa_-sARx1OaoRF7cc4HemsUXYlXhB2A/15416866-cute-colorful-birds-large-by-pezzzldesign.jpg']"
"Vintage hand drawn indian florals, orange hues on dark blue, large",$129.00,"Subtle linen textured, DIY-friendly self-adhesive, removable and cleanable wallcovering for smooth, flat, non-textured surfaces","['https://garden.spoonflower.com/c/15305022/i/xs/i96s1McIw_ZTPASnvYjq8WKaFRNYLRURsUE8sen0beIkhrSt1CbLsQ/15305022-vintage-hand-drawn-indian-florals-orange-hues-on-dark-blue-large-by-pezzzldesign.jpg', 'https://garden.spoonflower.com/c/15305022/i/xs/i96s1McIw_ZTPASnvYjq8WKaFRNYLRURsUEkvtrvWu0ijPy3z3mR7gOc/15305022-vintage-hand-drawn-indian-florals-orange-hues-on-dark-blue-large-by-pezzzldesign.jpg', 'https://garden.spoonflower.com/c/15305022/i/xs/i96s1McIw_ZTPASnvYjq8WKaFRNYLRURsUEjutPvZOU0kOaqinzz7kKc5BkqXw/15305022-vintage-hand-drawn-indian-florals-orange-hues-on-dark-blue-large-by-pezzzldesign.jpg', 'https://garden.spoonflower.com/c/15305022/i/xs/i96s1McIw_ZTPASnvYjq8WKaFRNYLRURsUExutLxauQ9xfz-2HDC/15305022-vintage-hand-drawn-indian-florals-orange-hues-on-dark-blue-large-by-pezzzldesign.jpg', 'https://garden.spoonflower.com/c/15305022/i/xs/i96s1McIw_ZTPASnvYjq8WKaFRNYLRURsUEjrOn1bPEP0bSt1CbLsQ/15305022-vintage-hand-drawn-indian-florals-orange-hues-on-dark-blue-large-by-pezzzldesign.jpg']"
"Nordic folk art foxlove monochrome blue, large",$129.00,"Subtle linen textured, DIY-friendly self-adhesive, removable and cleanable wallcovering for smooth, flat, non-textured surfaces","['https://garden.spoonflower.com/c/15338859/i/xs/Unbi-8_Quym-w5c16gQo0E58fBzgGP31LcMWfQY7p_fQucYuC7QudA/15338859-nordic-folk-art-foxlove-monochrome-blue-large-by-pezzzldesign.jpg', 'https://garden.spoonflower.com/c/15338859/i/xs/Unbi-8_Quym-w5c16gQo0E58fBzgGP31LcMOcjUgkPjWs440EOt7JhlX/15338859-nordic-folk-art-foxlove-monochrome-blue-large-by-pezzzldesign.jpg', 'https://garden.spoonflower.com/c/15338859/i/xs/Unbi-8_Quym-w5c16gQo0E58fBzgGP31LcMJdjwgrvDAr5QpVe4ZJldak2OTXA/15338859-nordic-folk-art-foxlove-monochrome-blue-large-by-pezzzldesign.jpg', 'https://garden.spoonflower.com/c/15338859/i/xs/Unbi-8_Quym-w5c16gQo0E58fBzgGP31LcMbdj0-oPHJ-o59B-0l/15338859-nordic-folk-art-foxlove-monochrome-blue-large-by-pezzzldesign.jpg', 'https://garden.spoonflower.com/c/15338859/i/xs/Unbi-8_Quym-w5c16gQo0E58fBzgGP31LcMJYAY6puT77sYuC7QudA/15338859-nordic-folk-art-foxlove-monochrome-blue-large-by-pezzzldesign.jpg']"
"(L) Abstract blockprint Optical Art petals with 3D effect, mauve on beige",$129.00,"Subtle linen textured, DIY-friendly self-adhesive, removable and cleanable wallcovering for smooth, flat, non-textured surfaces","['https://garden.spoonflower.com/c/16054061/i/xs/ZoKAX_H_yhQ0-2NXe2VE-cZ3zWlsXsYcz2NKbySG1H9nhGW6TCnuLQ/16054061-l-abstract-blockprint-optical-art-petals-3d-effect-mauve-on-beige-by-pezzzldesign.jpg', 'https://garden.spoonflower.com/c/16054061/i/xs/ZoKAX_H_yhQ0-2NXe2VE-cZ3zWlsXsYcz2NSYBed43Bhji2gV3agcCzI/16054061-l-abstract-blockprint-optical-art-petals-3d-effect-mauve-on-beige-by-pezzzldesign.jpg', 'https://garden.spoonflower.com/c/16054061/i/xs/ZoKAX_H_yhQ0-2NXe2VE-cZ3zWlsXsYcz2NVZB6d3Xh3kje9EnPCcHnKmVpGrw/16054061-l-abstract-blockprint-optical-art-petals-3d-effect-mauve-on-beige-by-pezzzldesign.jpg', 'https://garden.spoonflower.com/c/16054061/i/xs/ZoKAX_H_yhQ0-2NXe2VE-cZ3zWlsXsYcz2NHZB-D03l-xy3pQGvx/16054061-l-abstract-blockprint-optical-art-petals-3d-effect-mauve-on-beige-by-pezzzldesign.jpg', 'https://garden.spoonflower.com/c/16054061/i/xs/ZoKAX_H_yhQ0-2NXe2VE-cZ3zWlsXsYcz2NVciSH1WxM02W6TCnuLQ/16054061-l-abstract-blockprint-optical-art-petals-3d-effect-mauve-on-beige-by-pezzzldesign.jpg']"
Cute owls sage / creme mini,$129.00,"Subtle linen textured, DIY-friendly self-adhesive, removable and cleanable wallcovering for smooth, flat, non-textured surfaces","['https://garden.spoonflower.com/c/15135492/i/xs/2O5k0QoXrL7ZRIv3irrCl6dXBTebXp9cKSkswJhc2EDVc-y2Mxxg0Q/15135492-cute-owls-sage-creme-mini-by-pezzzldesign.jpg', 'https://garden.spoonflower.com/c/15135492/i/xs/2O5k0QoXrL7ZRIv3irrCl6dXBTebXp9cKSk0z6tH70_TeaSsKEM4jbyK/15135492-cute-owls-sage-creme-mini-by-pezzzldesign.jpg', 'https://garden.spoonflower.com/c/15135492/i/xs/2O5k0QoXrL7ZRIv3irrCl6dXBTebXp9cKSkzy6JH0UfFZb6xbUZajf-J_glo5A/15135492-cute-owls-sage-creme-mini-by-pezzzldesign.jpg', 'https://garden.spoonflower.com/c/15135492/i/xs/2O5k0QoXrL7ZRIv3irrCl6dXBTebXp9cKSkhy6NZ30bMMKTlP0ho/15135492-cute-owls-sage-creme-mini-by-pezzzldesign.jpg', 'https://garden.spoonflower.com/c/15135492/i/xs/2O5k0QoXrL7ZRIv3irrCl6dXBTebXp9cKSkz3Zhd2VP-JOy2Mxxg0Q/15135492-cute-owls-sage-creme-mini-by-pezzzldesign.jpg']"
"Vintage indian floral design with toile vibe, blue navy on white, medium",$129.00,"Subtle linen textured, DIY-friendly self-adhesive, removable and cleanable wallcovering for smooth, flat, non-textured surfaces","['https://garden.spoonflower.com/c/15304439/i/xs/mSeyF5452Ej3hed4lXDaKeaBI79bzqdmVob_IdcaPKGIKFB0JEA62Q/15304439-vintage-indian-floral-design-toile-vibe-blue-navy-on-white-medium-by-pezzzldesign.jpg', 'https://garden.spoonflower.com/c/15304439/i/xs/mSeyF5452Ej3hed4lXDaKeaBI79bzqdmVobnLuQBC66OIhhuPx8qjaqu/15304439-vintage-indian-floral-design-toile-vibe-blue-navy-on-white-medium-by-pezzzldesign.jpg', 'https://garden.spoonflower.com/c/15304439/i/xs/mSeyF5452Ej3hed4lXDaKeaBI79bzqdmVobgKu0BNaaYPgJzehpIjaGl6xsg5Q/15304439-vintage-indian-floral-design-toile-vibe-blue-navy-on-white-medium-by-pezzzldesign.jpg', 'https://garden.spoonflower.com/c/15304439/i/xs/mSeyF5452Ej3hed4lXDaKeaBI79bzqdmVobyKuwfO6eRaxgnKFxy/15304439-vintage-indian-floral-design-toile-vibe-blue-navy-on-white-medium-by-pezzzldesign.jpg', 'https://garden.spoonflower.com/c/15304439/i/xs/mSeyF5452Ej3hed4lXDaKeaBI79bzqdmVobgPNcbPbKjf1B0JEA62Q/15304439-vintage-indian-floral-design-toile-vibe-blue-navy-on-white-medium-by-pezzzldesign.jpg']"
"Vintage hand drawn indian florals, pink, purple, mauve, large",$129.00,"Subtle linen textured, DIY-friendly self-adhesive, removable and cleanable wallcovering for smooth, flat, non-textured surfaces","['https://garden.spoonflower.com/c/15304710/i/xs/HhuykbNYDAn3Ss0kbITqqmLQf30sefBY1_NNRbl28AHU08wJYE5N8A/15304710-vintage-hand-drawn-indian-florals-pink-purple-mauve-large-by-pezzzldesign.jpg', 'https://garden.spoonflower.com/c/15304710/i/xs/HhuykbNYDAn3Ss0kbITqqmLQf30sefBY1_NVSoptxw7S2YQTexEZsVBJ/15304710-vintage-hand-drawn-indian-florals-pink-purple-mauve-large-by-pezzzldesign.jpg', 'https://garden.spoonflower.com/c/15304710/i/xs/HhuykbNYDAn3Ss0kbITqqmLQf30sefBY1_NSToNt-QbExZ4OPhR7sR9XF6izbA/15304710-vintage-hand-drawn-indian-florals-pink-purple-mauve-large-by-pezzzldesign.jpg', 'https://garden.spoonflower.com/c/15304710/i/xs/HhuykbNYDAn3Ss0kbITqqmLQf30sefBY1_NAToJz9wfNkIRabBZU/15304710-vintage-hand-drawn-indian-florals-pink-purple-mauve-large-by-pezzzldesign.jpg', 'https://garden.spoonflower.com/c/15304710/i/xs/HhuykbNYDAn3Ss0kbITqqmLQf30sefBY1_NSWLl38RL_hMwJYE5N8A/15304710-vintage-hand-drawn-indian-florals-pink-purple-mauve-large-by-pezzzldesign.jpg']"
